tx_id,trace_steps,challenge_timeout,max_bisection_rounds,sample_index,mutated_step,bisection_rounds,expected_log2_rounds,challenge_step_calls,timed_out_detected,recover_status,recover_count,target_step,replay_passed,challenge_success,final_status
challenge-t4-to2-r16-s1,4,2,16,1,2,2,2,2,True,RECOVERED,1,2,False,True,SLASHED
challenge-t4-to2-r16-s2,4,2,16,2,2,2,2,2,True,RECOVERED,1,2,False,True,SLASHED
challenge-t4-to2-r16-s3,4,2,16,3,2,2,2,2,True,RECOVERED,1,2,False,True,SLASHED
challenge-t4-to2-r16-s4,4,2,16,4,2,2,2,2,True,RECOVERED,1,2,False,True,SLASHED
challenge-t4-to2-r16-s5,4,2,16,5,2,2,2,2,True,RECOVERED,1,2,False,True,SLASHED
challenge-t4-to2-r16-s6,4,2,16,6,2,2,2,2,True,RECOVERED,1,2,False,True,SLASHED
challenge-t4-to2-r16-s7,4,2,16,7,2,2,2,2,True,RECOVERED,1,2,False,True,SLASHED
challenge-t4-to2-r16-s8,4,2,16,8,2,2,2,2,True,RECOVERED,1,2,False,True,SLASHED
challenge-t4-to2-r16-s9,4,2,16,9,2,2,2,2,True,RECOVERED,1,2,False,True,SLASHED
challenge-t4-to2-r16-s10,4,2,16,10,2,2,2,2,True,RECOVERED,1,2,False,True,SLASHED
challenge-t4-to2-r16-s11,4,2,16,11,2,2,2,2,True,RECOVERED,1,2,False,True,SLASHED
challenge-t4-to2-r16-s12,4,2,16,12,2,2,2,2,True,RECOVERED,1,2,False,True,SLASHED
challenge-t4-to2-r16-s13,4,2,16,13,2,2,2,2,True,RECOVERED,1,2,False,True,SLASHED
challenge-t4-to2-r16-s14,4,2,16,14,2,2,2,2,True,RECOVERED,1,2,False,True,SLASHED
challenge-t4-to2-r16-s15,4,2,16,15,2,2,2,2,True,RECOVERED,1,2,False,True,SLASHED
challenge-t4-to2-r16-s16,4,2,16,16,2,2,2,2,True,RECOVERED,1,2,False,True,SLASHED
challenge-t4-to2-r16-s17,4,2,16,17,2,2,2,2,True,RECOVERED,1,2,False,True,SLASHED
challenge-t4-to2-r16-s18,4,2,16,18,2,2,2,2,True,RECOVERED,1,2,False,True,SLASHED
challenge-t4-to2-r16-s19,4,2,16,19,2,2,2,2,True,RECOVERED,1,2,False,True,SLASHED
challenge-t4-to2-r16-s20,4,2,16,20,2,2,2,2,True,RECOVERED,1,2,False,True,SLASHED
challenge-t4-to2-r16-s21,4,2,16,21,2,2,2,2,True,RECOVERED,1,2,False,True,SLASHED
challenge-t4-to2-r16-s22,4,2,16,22,2,2,2,2,True,RECOVERED,1,2,False,True,SLASHED
challenge-t4-to2-r16-s23,4,2,16,23,2,2,2,2,True,RECOVERED,1,2,False,True,SLASHED
challenge-t4-to2-r16-s24,4,2,16,24,2,2,2,2,True,RECOVERED,1,2,False,True,SLASHED
challenge-t4-to2-r16-s25,4,2,16,25,2,2,2,2,True,RECOVERED,1,2,False,True,SLASHED
challenge-t4-to2-r16-s26,4,2,16,26,2,2,2,2,True,RECOVERED,1,2,False,True,SLASHED
challenge-t4-to2-r16-s27,4,2,16,27,2,2,2,2,True,RECOVERED,1,2,False,True,SLASHED
challenge-t4-to2-r16-s28,4,2,16,28,2,2,2,2,True,RECOVERED,1,2,False,True,SLASHED
challenge-t4-to2-r16-s29,4,2,16,29,2,2,2,2,True,RECOVERED,1,2,False,True,SLASHED
challenge-t4-to2-r16-s30,4,2,16,30,2,2,2,2,True,RECOVERED,1,2,False,True,SLASHED
challenge-t4-to2-r16-s31,4,2,16,31,2,2,2,2,True,RECOVERED,1,2,False,True,SLASHED
challenge-t4-to2-r16-s32,4,2,16,32,2,2,2,2,True,RECOVERED,1,2,False,True,SLASHED
challenge-t4-to2-r16-s33,4,2,16,33,2,2,2,2,True,RECOVERED,1,2,False,True,SLASHED
challenge-t4-to2-r16-s34,4,2,16,34,2,2,2,2,True,RECOVERED,1,2,False,True,SLASHED
challenge-t4-to2-r16-s35,4,2,16,35,2,2,2,2,True,RECOVERED,1,2,False,True,SLASHED
challenge-t4-to2-r16-s36,4,2,16,36,2,2,2,2,True,RECOVERED,1,2,False,True,SLASHED
challenge-t4-to2-r16-s37,4,2,16,37,2,2,2,2,True,RECOVERED,1,2,False,True,SLASHED
challenge-t4-to2-r16-s38,4,2,16,38,2,2,2,2,True,RECOVERED,1,2,False,True,SLASHED
challenge-t4-to2-r16-s39,4,2,16,39,2,2,2,2,True,RECOVERED,1,2,False,True,SLASHED
challenge-t4-to2-r16-s40,4,2,16,40,2,2,2,2,True,RECOVERED,1,2,False,True,SLASHED
challenge-t4-to2-r16-s41,4,2,16,41,2,2,2,2,True,RECOVERED,1,2,False,True,SLASHED
challenge-t4-to2-r16-s42,4,2,16,42,2,2,2,2,True,RECOVERED,1,2,False,True,SLASHED
challenge-t4-to2-r16-s43,4,2,16,43,2,2,2,2,True,RECOVERED,1,2,False,True,SLASHED
challenge-t4-to2-r16-s44,4,2,16,44,2,2,2,2,True,RECOVERED,1,2,False,True,SLASHED
challenge-t4-to2-r16-s45,4,2,16,45,2,2,2,2,True,RECOVERED,1,2,False,True,SLASHED
challenge-t4-to2-r16-s46,4,2,16,46,2,2,2,2,True,RECOVERED,1,2,False,True,SLASHED
challenge-t4-to2-r16-s47,4,2,16,47,2,2,2,2,True,RECOVERED,1,2,False,True,SLASHED
challenge-t4-to2-r16-s48,4,2,16,48,2,2,2,2,True,RECOVERED,1,2,False,True,SLASHED
challenge-t4-to2-r16-s49,4,2,16,49,2,2,2,2,True,RECOVERED,1,2,False,True,SLASHED
challenge-t4-to2-r16-s50,4,2,16,50,2,2,2,2,True,RECOVERED,1,2,False,True,SLASHED
challenge-t4-to2-r16-s51,4,2,16,51,2,2,2,2,True,RECOVERED,1,2,False,True,SLASHED
challenge-t4-to2-r16-s52,4,2,16,52,2,2,2,2,True,RECOVERED,1,2,False,True,SLASHED
challenge-t4-to2-r16-s53,4,2,16,53,2,2,2,2,True,RECOVERED,1,2,False,True,SLASHED
challenge-t4-to2-r16-s54,4,2,16,54,2,2,2,2,True,RECOVERED,1,2,False,True,SLASHED
challenge-t4-to2-r16-s55,4,2,16,55,2,2,2,2,True,RECOVERED,1,2,False,True,SLASHED
challenge-t4-to2-r16-s56,4,2,16,56,2,2,2,2,True,RECOVERED,1,2,False,True,SLASHED
challenge-t4-to2-r16-s57,4,2,16,57,2,2,2,2,True,RECOVERED,1,2,False,True,SLASHED
challenge-t4-to2-r16-s58,4,2,16,58,2,2,2,2,True,RECOVERED,1,2,False,True,SLASHED
challenge-t4-to2-r16-s59,4,2,16,59,2,2,2,2,True,RECOVERED,1,2,False,True,SLASHED
challenge-t4-to2-r16-s60,4,2,16,60,2,2,2,2,True,RECOVERED,1,2,False,True,SLASHED
challenge-t4-to2-r16-s61,4,2,16,61,2,2,2,2,True,RECOVERED,1,2,False,True,SLASHED
challenge-t4-to2-r16-s62,4,2,16,62,2,2,2,2,True,RECOVERED,1,2,False,True,SLASHED
challenge-t4-to2-r16-s63,4,2,16,63,2,2,2,2,True,RECOVERED,1,2,False,True,SLASHED
challenge-t4-to2-r16-s64,4,2,16,64,2,2,2,2,True,RECOVERED,1,2,False,True,SLASHED
challenge-t4-to2-r16-s65,4,2,16,65,2,2,2,2,True,RECOVERED,1,2,False,True,SLASHED
challenge-t4-to2-r16-s66,4,2,16,66,2,2,2,2,True,RECOVERED,1,2,False,True,SLASHED
challenge-t4-to2-r16-s67,4,2,16,67,2,2,2,2,True,RECOVERED,1,2,False,True,SLASHED
challenge-t4-to2-r16-s68,4,2,16,68,2,2,2,2,True,RECOVERED,1,2,False,True,SLASHED
challenge-t4-to2-r16-s69,4,2,16,69,2,2,2,2,True,RECOVERED,1,2,False,True,SLASHED
challenge-t4-to2-r16-s70,4,2,16,70,2,2,2,2,True,RECOVERED,1,2,False,True,SLASHED
challenge-t4-to2-r16-s71,4,2,16,71,2,2,2,2,True,RECOVERED,1,2,False,True,SLASHED
challenge-t4-to2-r16-s72,4,2,16,72,2,2,2,2,True,RECOVERED,1,2,False,True,SLASHED
challenge-t4-to2-r16-s73,4,2,16,73,2,2,2,2,True,RECOVERED,1,2,False,True,SLASHED
challenge-t4-to2-r16-s74,4,2,16,74,2,2,2,2,True,RECOVERED,1,2,False,True,SLASHED
challenge-t4-to2-r16-s75,4,2,16,75,2,2,2,2,True,RECOVERED,1,2,False,True,SLASHED
challenge-t4-to2-r16-s76,4,2,16,76,2,2,2,2,True,RECOVERED,1,2,False,True,SLASHED
challenge-t4-to2-r16-s77,4,2,16,77,2,2,2,2,True,RECOVERED,1,2,False,True,SLASHED
challenge-t4-to2-r16-s78,4,2,16,78,2,2,2,2,True,RECOVERED,1,2,False,True,SLASHED
challenge-t4-to2-r16-s79,4,2,16,79,2,2,2,2,True,RECOVERED,1,2,False,True,SLASHED
challenge-t4-to2-r16-s80,4,2,16,80,2,2,2,2,True,RECOVERED,1,2,False,True,SLASHED
challenge-t4-to2-r16-s81,4,2,16,81,2,2,2,2,True,RECOVERED,1,2,False,True,SLASHED
challenge-t4-to2-r16-s82,4,2,16,82,2,2,2,2,True,RECOVERED,1,2,False,True,SLASHED
challenge-t4-to2-r16-s83,4,2,16,83,2,2,2,2,True,RECOVERED,1,2,False,True,SLASHED
challenge-t4-to2-r16-s84,4,2,16,84,2,2,2,2,True,RECOVERED,1,2,False,True,SLASHED
challenge-t4-to2-r16-s85,4,2,16,85,2,2,2,2,True,RECOVERED,1,2,False,True,SLASHED
challenge-t4-to2-r16-s86,4,2,16,86,2,2,2,2,True,RECOVERED,1,2,False,True,SLASHED
challenge-t4-to2-r16-s87,4,2,16,87,2,2,2,2,True,RECOVERED,1,2,False,True,SLASHED
challenge-t4-to2-r16-s88,4,2,16,88,2,2,2,2,True,RECOVERED,1,2,False,True,SLASHED
challenge-t4-to2-r16-s89,4,2,16,89,2,2,2,2,True,RECOVERED,1,2,False,True,SLASHED
challenge-t4-to2-r16-s90,4,2,16,90,2,2,2,2,True,RECOVERED,1,2,False,True,SLASHED
challenge-t4-to2-r16-s91,4,2,16,91,2,2,2,2,True,RECOVERED,1,2,False,True,SLASHED
challenge-t4-to2-r16-s92,4,2,16,92,2,2,2,2,True,RECOVERED,1,2,False,True,SLASHED
challenge-t4-to2-r16-s93,4,2,16,93,2,2,2,2,True,RECOVERED,1,2,False,True,SLASHED
challenge-t4-to2-r16-s94,4,2,16,94,2,2,2,2,True,RECOVERED,1,2,False,True,SLASHED
challenge-t4-to2-r16-s95,4,2,16,95,2,2,2,2,True,RECOVERED,1,2,False,True,SLASHED
challenge-t4-to2-r16-s96,4,2,16,96,2,2,2,2,True,RECOVERED,1,2,False,True,SLASHED
challenge-t4-to2-r16-s97,4,2,16,97,2,2,2,2,True,RECOVERED,1,2,False,True,SLASHED
challenge-t4-to2-r16-s98,4,2,16,98,2,2,2,2,True,RECOVERED,1,2,False,True,SLASHED
challenge-t4-to2-r16-s99,4,2,16,99,2,2,2,2,True,RECOVERED,1,2,False,True,SLASHED
challenge-t4-to2-r16-s100,4,2,16,100,2,2,2,2,True,RECOVERED,1,2,False,True,SLASHED
challenge-t8-to2-r16-s1,8,2,16,1,4,3,3,3,True,RECOVERED,1,4,False,True,SLASHED
challenge-t8-to2-r16-s2,8,2,16,2,4,3,3,3,True,RECOVERED,1,4,False,True,SLASHED
challenge-t8-to2-r16-s3,8,2,16,3,4,3,3,3,True,RECOVERED,1,4,False,True,SLASHED
challenge-t8-to2-r16-s4,8,2,16,4,4,3,3,3,True,RECOVERED,1,4,False,True,SLASHED
challenge-t8-to2-r16-s5,8,2,16,5,4,3,3,3,True,RECOVERED,1,4,False,True,SLASHED
challenge-t8-to2-r16-s6,8,2,16,6,4,3,3,3,True,RECOVERED,1,4,False,True,SLASHED
challenge-t8-to2-r16-s7,8,2,16,7,4,3,3,3,True,RECOVERED,1,4,False,True,SLASHED
challenge-t8-to2-r16-s8,8,2,16,8,4,3,3,3,True,RECOVERED,1,4,False,True,SLASHED
challenge-t8-to2-r16-s9,8,2,16,9,4,3,3,3,True,RECOVERED,1,4,False,True,SLASHED
challenge-t8-to2-r16-s10,8,2,16,10,4,3,3,3,True,RECOVERED,1,4,False,True,SLASHED
challenge-t8-to2-r16-s11,8,2,16,11,4,3,3,3,True,RECOVERED,1,4,False,True,SLASHED
challenge-t8-to2-r16-s12,8,2,16,12,4,3,3,3,True,RECOVERED,1,4,False,True,SLASHED
challenge-t8-to2-r16-s13,8,2,16,13,4,3,3,3,True,RECOVERED,1,4,False,True,SLASHED
challenge-t8-to2-r16-s14,8,2,16,14,4,3,3,3,True,RECOVERED,1,4,False,True,SLASHED
challenge-t8-to2-r16-s15,8,2,16,15,4,3,3,3,True,RECOVERED,1,4,False,True,SLASHED
challenge-t8-to2-r16-s16,8,2,16,16,4,3,3,3,True,RECOVERED,1,4,False,True,SLASHED
challenge-t8-to2-r16-s17,8,2,16,17,4,3,3,3,True,RECOVERED,1,4,False,True,SLASHED
challenge-t8-to2-r16-s18,8,2,16,18,4,3,3,3,True,RECOVERED,1,4,False,True,SLASHED
challenge-t8-to2-r16-s19,8,2,16,19,4,3,3,3,True,RECOVERED,1,4,False,True,SLASHED
challenge-t8-to2-r16-s20,8,2,16,20,4,3,3,3,True,RECOVERED,1,4,False,True,SLASHED
challenge-t8-to2-r16-s21,8,2,16,21,4,3,3,3,True,RECOVERED,1,4,False,True,SLASHED
challenge-t8-to2-r16-s22,8,2,16,22,4,3,3,3,True,RECOVERED,1,4,False,True,SLASHED
challenge-t8-to2-r16-s23,8,2,16,23,4,3,3,3,True,RECOVERED,1,4,False,True,SLASHED
challenge-t8-to2-r16-s24,8,2,16,24,4,3,3,3,True,RECOVERED,1,4,False,True,SLASHED
challenge-t8-to2-r16-s25,8,2,16,25,4,3,3,3,True,RECOVERED,1,4,False,True,SLASHED
challenge-t8-to2-r16-s26,8,2,16,26,4,3,3,3,True,RECOVERED,1,4,False,True,SLASHED
challenge-t8-to2-r16-s27,8,2,16,27,4,3,3,3,True,RECOVERED,1,4,False,True,SLASHED
challenge-t8-to2-r16-s28,8,2,16,28,4,3,3,3,True,RECOVERED,1,4,False,True,SLASHED
challenge-t8-to2-r16-s29,8,2,16,29,4,3,3,3,True,RECOVERED,1,4,False,True,SLASHED
challenge-t8-to2-r16-s30,8,2,16,30,4,3,3,3,True,RECOVERED,1,4,False,True,SLASHED
challenge-t8-to2-r16-s31,8,2,16,31,4,3,3,3,True,RECOVERED,1,4,False,True,SLASHED
challenge-t8-to2-r16-s32,8,2,16,32,4,3,3,3,True,RECOVERED,1,4,False,True,SLASHED
challenge-t8-to2-r16-s33,8,2,16,33,4,3,3,3,True,RECOVERED,1,4,False,True,SLASHED
challenge-t8-to2-r16-s34,8,2,16,34,4,3,3,3,True,RECOVERED,1,4,False,True,SLASHED
challenge-t8-to2-r16-s35,8,2,16,35,4,3,3,3,True,RECOVERED,1,4,False,True,SLASHED
challenge-t8-to2-r16-s36,8,2,16,36,4,3,3,3,True,RECOVERED,1,4,False,True,SLASHED
challenge-t8-to2-r16-s37,8,2,16,37,4,3,3,3,True,RECOVERED,1,4,False,True,SLASHED
challenge-t8-to2-r16-s38,8,2,16,38,4,3,3,3,True,RECOVERED,1,4,False,True,SLASHED
challenge-t8-to2-r16-s39,8,2,16,39,4,3,3,3,True,RECOVERED,1,4,False,True,SLASHED
challenge-t8-to2-r16-s40,8,2,16,40,4,3,3,3,True,RECOVERED,1,4,False,True,SLASHED
challenge-t8-to2-r16-s41,8,2,16,41,4,3,3,3,True,RECOVERED,1,4,False,True,SLASHED
challenge-t8-to2-r16-s42,8,2,16,42,4,3,3,3,True,RECOVERED,1,4,False,True,SLASHED
challenge-t8-to2-r16-s43,8,2,16,43,4,3,3,3,True,RECOVERED,1,4,False,True,SLASHED
challenge-t8-to2-r16-s44,8,2,16,44,4,3,3,3,True,RECOVERED,1,4,False,True,SLASHED
challenge-t8-to2-r16-s45,8,2,16,45,4,3,3,3,True,RECOVERED,1,4,False,True,SLASHED
challenge-t8-to2-r16-s46,8,2,16,46,4,3,3,3,True,RECOVERED,1,4,False,True,SLASHED
challenge-t8-to2-r16-s47,8,2,16,47,4,3,3,3,True,RECOVERED,1,4,False,True,SLASHED
challenge-t8-to2-r16-s48,8,2,16,48,4,3,3,3,True,RECOVERED,1,4,False,True,SLASHED
challenge-t8-to2-r16-s49,8,2,16,49,4,3,3,3,True,RECOVERED,1,4,False,True,SLASHED
challenge-t8-to2-r16-s50,8,2,16,50,4,3,3,3,True,RECOVERED,1,4,False,True,SLASHED
challenge-t8-to2-r16-s51,8,2,16,51,4,3,3,3,True,RECOVERED,1,4,False,True,SLASHED
challenge-t8-to2-r16-s52,8,2,16,52,4,3,3,3,True,RECOVERED,1,4,False,True,SLASHED
challenge-t8-to2-r16-s53,8,2,16,53,4,3,3,3,True,RECOVERED,1,4,False,True,SLASHED
challenge-t8-to2-r16-s54,8,2,16,54,4,3,3,3,True,RECOVERED,1,4,False,True,SLASHED
challenge-t8-to2-r16-s55,8,2,16,55,4,3,3,3,True,RECOVERED,1,4,False,True,SLASHED
challenge-t8-to2-r16-s56,8,2,16,56,4,3,3,3,True,RECOVERED,1,4,False,True,SLASHED
challenge-t8-to2-r16-s57,8,2,16,57,4,3,3,3,True,RECOVERED,1,4,False,True,SLASHED
challenge-t8-to2-r16-s58,8,2,16,58,4,3,3,3,True,RECOVERED,1,4,False,True,SLASHED
challenge-t8-to2-r16-s59,8,2,16,59,4,3,3,3,True,RECOVERED,1,4,False,True,SLASHED
challenge-t8-to2-r16-s60,8,2,16,60,4,3,3,3,True,RECOVERED,1,4,False,True,SLASHED
challenge-t8-to2-r16-s61,8,2,16,61,4,3,3,3,True,RECOVERED,1,4,False,True,SLASHED
challenge-t8-to2-r16-s62,8,2,16,62,4,3,3,3,True,RECOVERED,1,4,False,True,SLASHED
challenge-t8-to2-r16-s63,8,2,16,63,4,3,3,3,True,RECOVERED,1,4,False,True,SLASHED
challenge-t8-to2-r16-s64,8,2,16,64,4,3,3,3,True,RECOVERED,1,4,False,True,SLASHED
challenge-t8-to2-r16-s65,8,2,16,65,4,3,3,3,True,RECOVERED,1,4,False,True,SLASHED
challenge-t8-to2-r16-s66,8,2,16,66,4,3,3,3,True,RECOVERED,1,4,False,True,SLASHED
challenge-t8-to2-r16-s67,8,2,16,67,4,3,3,3,True,RECOVERED,1,4,False,True,SLASHED
challenge-t8-to2-r16-s68,8,2,16,68,4,3,3,3,True,RECOVERED,1,4,False,True,SLASHED
challenge-t8-to2-r16-s69,8,2,16,69,4,3,3,3,True,RECOVERED,1,4,False,True,SLASHED
challenge-t8-to2-r16-s70,8,2,16,70,4,3,3,3,True,RECOVERED,1,4,False,True,SLASHED
challenge-t8-to2-r16-s71,8,2,16,71,4,3,3,3,True,RECOVERED,1,4,False,True,SLASHED
challenge-t8-to2-r16-s72,8,2,16,72,4,3,3,3,True,RECOVERED,1,4,False,True,SLASHED
challenge-t8-to2-r16-s73,8,2,16,73,4,3,3,3,True,RECOVERED,1,4,False,True,SLASHED
challenge-t8-to2-r16-s74,8,2,16,74,4,3,3,3,True,RECOVERED,1,4,False,True,SLASHED
challenge-t8-to2-r16-s75,8,2,16,75,4,3,3,3,True,RECOVERED,1,4,False,True,SLASHED
challenge-t8-to2-r16-s76,8,2,16,76,4,3,3,3,True,RECOVERED,1,4,False,True,SLASHED
challenge-t8-to2-r16-s77,8,2,16,77,4,3,3,3,True,RECOVERED,1,4,False,True,SLASHED
challenge-t8-to2-r16-s78,8,2,16,78,4,3,3,3,True,RECOVERED,1,4,False,True,SLASHED
challenge-t8-to2-r16-s79,8,2,16,79,4,3,3,3,True,RECOVERED,1,4,False,True,SLASHED
challenge-t8-to2-r16-s80,8,2,16,80,4,3,3,3,True,RECOVERED,1,4,False,True,SLASHED
challenge-t8-to2-r16-s81,8,2,16,81,4,3,3,3,True,RECOVERED,1,4,False,True,SLASHED
challenge-t8-to2-r16-s82,8,2,16,82,4,3,3,3,True,RECOVERED,1,4,False,True,SLASHED
challenge-t8-to2-r16-s83,8,2,16,83,4,3,3,3,True,RECOVERED,1,4,False,True,SLASHED
challenge-t8-to2-r16-s84,8,2,16,84,4,3,3,3,True,RECOVERED,1,4,False,True,SLASHED
challenge-t8-to2-r16-s85,8,2,16,85,4,3,3,3,True,RECOVERED,1,4,False,True,SLASHED
challenge-t8-to2-r16-s86,8,2,16,86,4,3,3,3,True,RECOVERED,1,4,False,True,SLASHED
challenge-t8-to2-r16-s87,8,2,16,87,4,3,3,3,True,RECOVERED,1,4,False,True,SLASHED
challenge-t8-to2-r16-s88,8,2,16,88,4,3,3,3,True,RECOVERED,1,4,False,True,SLASHED
challenge-t8-to2-r16-s89,8,2,16,89,4,3,3,3,True,RECOVERED,1,4,False,True,SLASHED
challenge-t8-to2-r16-s90,8,2,16,90,4,3,3,3,True,RECOVERED,1,4,False,True,SLASHED
challenge-t8-to2-r16-s91,8,2,16,91,4,3,3,3,True,RECOVERED,1,4,False,True,SLASHED
challenge-t8-to2-r16-s92,8,2,16,92,4,3,3,3,True,RECOVERED,1,4,False,True,SLASHED
challenge-t8-to2-r16-s93,8,2,16,93,4,3,3,3,True,RECOVERED,1,4,False,True,SLASHED
challenge-t8-to2-r16-s94,8,2,16,94,4,3,3,3,True,RECOVERED,1,4,False,True,SLASHED
challenge-t8-to2-r16-s95,8,2,16,95,4,3,3,3,True,RECOVERED,1,4,False,True,SLASHED
challenge-t8-to2-r16-s96,8,2,16,96,4,3,3,3,True,RECOVERED,1,4,False,True,SLASHED
challenge-t8-to2-r16-s97,8,2,16,97,4,3,3,3,True,RECOVERED,1,4,False,True,SLASHED
challenge-t8-to2-r16-s98,8,2,16,98,4,3,3,3,True,RECOVERED,1,4,False,True,SLASHED
challenge-t8-to2-r16-s99,8,2,16,99,4,3,3,3,True,RECOVERED,1,4,False,True,SLASHED
challenge-t8-to2-r16-s100,8,2,16,100,4,3,3,3,True,RECOVERED,1,4,False,True,SLASHED
challenge-t16-to2-r16-s1,16,2,16,1,8,4,4,4,True,RECOVERED,1,8,False,True,SLASHED
challenge-t16-to2-r16-s2,16,2,16,2,8,4,4,4,True,RECOVERED,1,8,False,True,SLASHED
challenge-t16-to2-r16-s3,16,2,16,3,8,4,4,4,True,RECOVERED,1,8,False,True,SLASHED
challenge-t16-to2-r16-s4,16,2,16,4,8,4,4,4,True,RECOVERED,1,8,False,True,SLASHED
challenge-t16-to2-r16-s5,16,2,16,5,8,4,4,4,True,RECOVERED,1,8,False,True,SLASHED
challenge-t16-to2-r16-s6,16,2,16,6,8,4,4,4,True,RECOVERED,1,8,False,True,SLASHED
challenge-t16-to2-r16-s7,16,2,16,7,8,4,4,4,True,RECOVERED,1,8,False,True,SLASHED
challenge-t16-to2-r16-s8,16,2,16,8,8,4,4,4,True,RECOVERED,1,8,False,True,SLASHED
challenge-t16-to2-r16-s9,16,2,16,9,8,4,4,4,True,RECOVERED,1,8,False,True,SLASHED
challenge-t16-to2-r16-s10,16,2,16,10,8,4,4,4,True,RECOVERED,1,8,False,True,SLASHED
challenge-t16-to2-r16-s11,16,2,16,11,8,4,4,4,True,RECOVERED,1,8,False,True,SLASHED
challenge-t16-to2-r16-s12,16,2,16,12,8,4,4,4,True,RECOVERED,1,8,False,True,SLASHED
challenge-t16-to2-r16-s13,16,2,16,13,8,4,4,4,True,RECOVERED,1,8,False,True,SLASHED
challenge-t16-to2-r16-s14,16,2,16,14,8,4,4,4,True,RECOVERED,1,8,False,True,SLASHED
challenge-t16-to2-r16-s15,16,2,16,15,8,4,4,4,True,RECOVERED,1,8,False,True,SLASHED
challenge-t16-to2-r16-s16,16,2,16,16,8,4,4,4,True,RECOVERED,1,8,False,True,SLASHED
challenge-t16-to2-r16-s17,16,2,16,17,8,4,4,4,True,RECOVERED,1,8,False,True,SLASHED
challenge-t16-to2-r16-s18,16,2,16,18,8,4,4,4,True,RECOVERED,1,8,False,True,SLASHED
challenge-t16-to2-r16-s19,16,2,16,19,8,4,4,4,True,RECOVERED,1,8,False,True,SLASHED
challenge-t16-to2-r16-s20,16,2,16,20,8,4,4,4,True,RECOVERED,1,8,False,True,SLASHED
challenge-t16-to2-r16-s21,16,2,16,21,8,4,4,4,True,RECOVERED,1,8,False,True,SLASHED
challenge-t16-to2-r16-s22,16,2,16,22,8,4,4,4,True,RECOVERED,1,8,False,True,SLASHED
challenge-t16-to2-r16-s23,16,2,16,23,8,4,4,4,True,RECOVERED,1,8,False,True,SLASHED
challenge-t16-to2-r16-s24,16,2,16,24,8,4,4,4,True,RECOVERED,1,8,False,True,SLASHED
challenge-t16-to2-r16-s25,16,2,16,25,8,4,4,4,True,RECOVERED,1,8,False,True,SLASHED
challenge-t16-to2-r16-s26,16,2,16,26,8,4,4,4,True,RECOVERED,1,8,False,True,SLASHED
challenge-t16-to2-r16-s27,16,2,16,27,8,4,4,4,True,RECOVERED,1,8,False,True,SLASHED
challenge-t16-to2-r16-s28,16,2,16,28,8,4,4,4,True,RECOVERED,1,8,False,True,SLASHED
challenge-t16-to2-r16-s29,16,2,16,29,8,4,4,4,True,RECOVERED,1,8,False,True,SLASHED
challenge-t16-to2-r16-s30,16,2,16,30,8,4,4,4,True,RECOVERED,1,8,False,True,SLASHED
challenge-t16-to2-r16-s31,16,2,16,31,8,4,4,4,True,RECOVERED,1,8,False,True,SLASHED
challenge-t16-to2-r16-s32,16,2,16,32,8,4,4,4,True,RECOVERED,1,8,False,True,SLASHED
challenge-t16-to2-r16-s33,16,2,16,33,8,4,4,4,True,RECOVERED,1,8,False,True,SLASHED
challenge-t16-to2-r16-s34,16,2,16,34,8,4,4,4,True,RECOVERED,1,8,False,True,SLASHED
challenge-t16-to2-r16-s35,16,2,16,35,8,4,4,4,True,RECOVERED,1,8,False,True,SLASHED
challenge-t16-to2-r16-s36,16,2,16,36,8,4,4,4,True,RECOVERED,1,8,False,True,SLASHED
challenge-t16-to2-r16-s37,16,2,16,37,8,4,4,4,True,RECOVERED,1,8,False,True,SLASHED
challenge-t16-to2-r16-s38,16,2,16,38,8,4,4,4,True,RECOVERED,1,8,False,True,SLASHED
challenge-t16-to2-r16-s39,16,2,16,39,8,4,4,4,True,RECOVERED,1,8,False,True,SLASHED
challenge-t16-to2-r16-s40,16,2,16,40,8,4,4,4,True,RECOVERED,1,8,False,True,SLASHED
challenge-t16-to2-r16-s41,16,2,16,41,8,4,4,4,True,RECOVERED,1,8,False,True,SLASHED
challenge-t16-to2-r16-s42,16,2,16,42,8,4,4,4,True,RECOVERED,1,8,False,True,SLASHED
challenge-t16-to2-r16-s43,16,2,16,43,8,4,4,4,True,RECOVERED,1,8,False,True,SLASHED
challenge-t16-to2-r16-s44,16,2,16,44,8,4,4,4,True,RECOVERED,1,8,False,True,SLASHED
challenge-t16-to2-r16-s45,16,2,16,45,8,4,4,4,True,RECOVERED,1,8,False,True,SLASHED
challenge-t16-to2-r16-s46,16,2,16,46,8,4,4,4,True,RECOVERED,1,8,False,True,SLASHED
challenge-t16-to2-r16-s47,16,2,16,47,8,4,4,4,True,RECOVERED,1,8,False,True,SLASHED
challenge-t16-to2-r16-s48,16,2,16,48,8,4,4,4,True,RECOVERED,1,8,False,True,SLASHED
challenge-t16-to2-r16-s49,16,2,16,49,8,4,4,4,True,RECOVERED,1,8,False,True,SLASHED
challenge-t16-to2-r16-s50,16,2,16,50,8,4,4,4,True,RECOVERED,1,8,False,True,SLASHED
challenge-t16-to2-r16-s51,16,2,16,51,8,4,4,4,True,RECOVERED,1,8,False,True,SLASHED
challenge-t16-to2-r16-s52,16,2,16,52,8,4,4,4,True,RECOVERED,1,8,False,True,SLASHED
challenge-t16-to2-r16-s53,16,2,16,53,8,4,4,4,True,RECOVERED,1,8,False,True,SLASHED
challenge-t16-to2-r16-s54,16,2,16,54,8,4,4,4,True,RECOVERED,1,8,False,True,SLASHED
challenge-t16-to2-r16-s55,16,2,16,55,8,4,4,4,True,RECOVERED,1,8,False,True,SLASHED
challenge-t16-to2-r16-s56,16,2,16,56,8,4,4,4,True,RECOVERED,1,8,False,True,SLASHED
challenge-t16-to2-r16-s57,16,2,16,57,8,4,4,4,True,RECOVERED,1,8,False,True,SLASHED
challenge-t16-to2-r16-s58,16,2,16,58,8,4,4,4,True,RECOVERED,1,8,False,True,SLASHED
challenge-t16-to2-r16-s59,16,2,16,59,8,4,4,4,True,RECOVERED,1,8,False,True,SLASHED
challenge-t16-to2-r16-s60,16,2,16,60,8,4,4,4,True,RECOVERED,1,8,False,True,SLASHED
challenge-t16-to2-r16-s61,16,2,16,61,8,4,4,4,True,RECOVERED,1,8,False,True,SLASHED
challenge-t16-to2-r16-s62,16,2,16,62,8,4,4,4,True,RECOVERED,1,8,False,True,SLASHED
challenge-t16-to2-r16-s63,16,2,16,63,8,4,4,4,True,RECOVERED,1,8,False,True,SLASHED
challenge-t16-to2-r16-s64,16,2,16,64,8,4,4,4,True,RECOVERED,1,8,False,True,SLASHED
challenge-t16-to2-r16-s65,16,2,16,65,8,4,4,4,True,RECOVERED,1,8,False,True,SLASHED
challenge-t16-to2-r16-s66,16,2,16,66,8,4,4,4,True,RECOVERED,1,8,False,True,SLASHED
challenge-t16-to2-r16-s67,16,2,16,67,8,4,4,4,True,RECOVERED,1,8,False,True,SLASHED
challenge-t16-to2-r16-s68,16,2,16,68,8,4,4,4,True,RECOVERED,1,8,False,True,SLASHED
challenge-t16-to2-r16-s69,16,2,16,69,8,4,4,4,True,RECOVERED,1,8,False,True,SLASHED
challenge-t16-to2-r16-s70,16,2,16,70,8,4,4,4,True,RECOVERED,1,8,False,True,SLASHED
challenge-t16-to2-r16-s71,16,2,16,71,8,4,4,4,True,RECOVERED,1,8,False,True,SLASHED
challenge-t16-to2-r16-s72,16,2,16,72,8,4,4,4,True,RECOVERED,1,8,False,True,SLASHED
challenge-t16-to2-r16-s73,16,2,16,73,8,4,4,4,True,RECOVERED,1,8,False,True,SLASHED
challenge-t16-to2-r16-s74,16,2,16,74,8,4,4,4,True,RECOVERED,1,8,False,True,SLASHED
challenge-t16-to2-r16-s75,16,2,16,75,8,4,4,4,True,RECOVERED,1,8,False,True,SLASHED
challenge-t16-to2-r16-s76,16,2,16,76,8,4,4,4,True,RECOVERED,1,8,False,True,SLASHED
challenge-t16-to2-r16-s77,16,2,16,77,8,4,4,4,True,RECOVERED,1,8,False,True,SLASHED
challenge-t16-to2-r16-s78,16,2,16,78,8,4,4,4,True,RECOVERED,1,8,False,True,SLASHED
challenge-t16-to2-r16-s79,16,2,16,79,8,4,4,4,True,RECOVERED,1,8,False,True,SLASHED
challenge-t16-to2-r16-s80,16,2,16,80,8,4,4,4,True,RECOVERED,1,8,False,True,SLASHED
challenge-t16-to2-r16-s81,16,2,16,81,8,4,4,4,True,RECOVERED,1,8,False,True,SLASHED
challenge-t16-to2-r16-s82,16,2,16,82,8,4,4,4,True,RECOVERED,1,8,False,True,SLASHED
challenge-t16-to2-r16-s83,16,2,16,83,8,4,4,4,True,RECOVERED,1,8,False,True,SLASHED
challenge-t16-to2-r16-s84,16,2,16,84,8,4,4,4,True,RECOVERED,1,8,False,True,SLASHED
challenge-t16-to2-r16-s85,16,2,16,85,8,4,4,4,True,RECOVERED,1,8,False,True,SLASHED
challenge-t16-to2-r16-s86,16,2,16,86,8,4,4,4,True,RECOVERED,1,8,False,True,SLASHED
challenge-t16-to2-r16-s87,16,2,16,87,8,4,4,4,True,RECOVERED,1,8,False,True,SLASHED
challenge-t16-to2-r16-s88,16,2,16,88,8,4,4,4,True,RECOVERED,1,8,False,True,SLASHED
challenge-t16-to2-r16-s89,16,2,16,89,8,4,4,4,True,RECOVERED,1,8,False,True,SLASHED
challenge-t16-to2-r16-s90,16,2,16,90,8,4,4,4,True,RECOVERED,1,8,False,True,SLASHED
challenge-t16-to2-r16-s91,16,2,16,91,8,4,4,4,True,RECOVERED,1,8,False,True,SLASHED
challenge-t16-to2-r16-s92,16,2,16,92,8,4,4,4,True,RECOVERED,1,8,False,True,SLASHED
challenge-t16-to2-r16-s93,16,2,16,93,8,4,4,4,True,RECOVERED,1,8,False,True,SLASHED
challenge-t16-to2-r16-s94,16,2,16,94,8,4,4,4,True,RECOVERED,1,8,False,True,SLASHED
challenge-t16-to2-r16-s95,16,2,16,95,8,4,4,4,True,RECOVERED,1,8,False,True,SLASHED
challenge-t16-to2-r16-s96,16,2,16,96,8,4,4,4,True,RECOVERED,1,8,False,True,SLASHED
challenge-t16-to2-r16-s97,16,2,16,97,8,4,4,4,True,RECOVERED,1,8,False,True,SLASHED
challenge-t16-to2-r16-s98,16,2,16,98,8,4,4,4,True,RECOVERED,1,8,False,True,SLASHED
challenge-t16-to2-r16-s99,16,2,16,99,8,4,4,4,True,RECOVERED,1,8,False,True,SLASHED
challenge-t16-to2-r16-s100,16,2,16,100,8,4,4,4,True,RECOVERED,1,8,False,True,SLASHED
challenge-t32-to2-r16-s1,32,2,16,1,16,5,5,5,True,RECOVERED,1,16,False,True,SLASHED
challenge-t32-to2-r16-s2,32,2,16,2,16,5,5,5,True,RECOVERED,1,16,False,True,SLASHED
challenge-t32-to2-r16-s3,32,2,16,3,16,5,5,5,True,RECOVERED,1,16,False,True,SLASHED
challenge-t32-to2-r16-s4,32,2,16,4,16,5,5,5,True,RECOVERED,1,16,False,True,SLASHED
challenge-t32-to2-r16-s5,32,2,16,5,16,5,5,5,True,RECOVERED,1,16,False,True,SLASHED
challenge-t32-to2-r16-s6,32,2,16,6,16,5,5,5,True,RECOVERED,1,16,False,True,SLASHED
challenge-t32-to2-r16-s7,32,2,16,7,16,5,5,5,True,RECOVERED,1,16,False,True,SLASHED
challenge-t32-to2-r16-s8,32,2,16,8,16,5,5,5,True,RECOVERED,1,16,False,True,SLASHED
challenge-t32-to2-r16-s9,32,2,16,9,16,5,5,5,True,RECOVERED,1,16,False,True,SLASHED
challenge-t32-to2-r16-s10,32,2,16,10,16,5,5,5,True,RECOVERED,1,16,False,True,SLASHED
challenge-t32-to2-r16-s11,32,2,16,11,16,5,5,5,True,RECOVERED,1,16,False,True,SLASHED
challenge-t32-to2-r16-s12,32,2,16,12,16,5,5,5,True,RECOVERED,1,16,False,True,SLASHED
challenge-t32-to2-r16-s13,32,2,16,13,16,5,5,5,True,RECOVERED,1,16,False,True,SLASHED
challenge-t32-to2-r16-s14,32,2,16,14,16,5,5,5,True,RECOVERED,1,16,False,True,SLASHED
challenge-t32-to2-r16-s15,32,2,16,15,16,5,5,5,True,RECOVERED,1,16,False,True,SLASHED
challenge-t32-to2-r16-s16,32,2,16,16,16,5,5,5,True,RECOVERED,1,16,False,True,SLASHED
challenge-t32-to2-r16-s17,32,2,16,17,16,5,5,5,True,RECOVERED,1,16,False,True,SLASHED
challenge-t32-to2-r16-s18,32,2,16,18,16,5,5,5,True,RECOVERED,1,16,False,True,SLASHED
challenge-t32-to2-r16-s19,32,2,16,19,16,5,5,5,True,RECOVERED,1,16,False,True,SLASHED
challenge-t32-to2-r16-s20,32,2,16,20,16,5,5,5,True,RECOVERED,1,16,False,True,SLASHED
challenge-t32-to2-r16-s21,32,2,16,21,16,5,5,5,True,RECOVERED,1,16,False,True,SLASHED
challenge-t32-to2-r16-s22,32,2,16,22,16,5,5,5,True,RECOVERED,1,16,False,True,SLASHED
challenge-t32-to2-r16-s23,32,2,16,23,16,5,5,5,True,RECOVERED,1,16,False,True,SLASHED
challenge-t32-to2-r16-s24,32,2,16,24,16,5,5,5,True,RECOVERED,1,16,False,True,SLASHED
challenge-t32-to2-r16-s25,32,2,16,25,16,5,5,5,True,RECOVERED,1,16,False,True,SLASHED
challenge-t32-to2-r16-s26,32,2,16,26,16,5,5,5,True,RECOVERED,1,16,False,True,SLASHED
challenge-t32-to2-r16-s27,32,2,16,27,16,5,5,5,True,RECOVERED,1,16,False,True,SLASHED
challenge-t32-to2-r16-s28,32,2,16,28,16,5,5,5,True,RECOVERED,1,16,False,True,SLASHED
challenge-t32-to2-r16-s29,32,2,16,29,16,5,5,5,True,RECOVERED,1,16,False,True,SLASHED
challenge-t32-to2-r16-s30,32,2,16,30,16,5,5,5,True,RECOVERED,1,16,False,True,SLASHED
challenge-t32-to2-r16-s31,32,2,16,31,16,5,5,5,True,RECOVERED,1,16,False,True,SLASHED
challenge-t32-to2-r16-s32,32,2,16,32,16,5,5,5,True,RECOVERED,1,16,False,True,SLASHED
challenge-t32-to2-r16-s33,32,2,16,33,16,5,5,5,True,RECOVERED,1,16,False,True,SLASHED
challenge-t32-to2-r16-s34,32,2,16,34,16,5,5,5,True,RECOVERED,1,16,False,True,SLASHED
challenge-t32-to2-r16-s35,32,2,16,35,16,5,5,5,True,RECOVERED,1,16,False,True,SLASHED
challenge-t32-to2-r16-s36,32,2,16,36,16,5,5,5,True,RECOVERED,1,16,False,True,SLASHED
challenge-t32-to2-r16-s37,32,2,16,37,16,5,5,5,True,RECOVERED,1,16,False,True,SLASHED
challenge-t32-to2-r16-s38,32,2,16,38,16,5,5,5,True,RECOVERED,1,16,False,True,SLASHED
challenge-t32-to2-r16-s39,32,2,16,39,16,5,5,5,True,RECOVERED,1,16,False,True,SLASHED
challenge-t32-to2-r16-s40,32,2,16,40,16,5,5,5,True,RECOVERED,1,16,False,True,SLASHED
challenge-t32-to2-r16-s41,32,2,16,41,16,5,5,5,True,RECOVERED,1,16,False,True,SLASHED
challenge-t32-to2-r16-s42,32,2,16,42,16,5,5,5,True,RECOVERED,1,16,False,True,SLASHED
challenge-t32-to2-r16-s43,32,2,16,43,16,5,5,5,True,RECOVERED,1,16,False,True,SLASHED
challenge-t32-to2-r16-s44,32,2,16,44,16,5,5,5,True,RECOVERED,1,16,False,True,SLASHED
challenge-t32-to2-r16-s45,32,2,16,45,16,5,5,5,True,RECOVERED,1,16,False,True,SLASHED
challenge-t32-to2-r16-s46,32,2,16,46,16,5,5,5,True,RECOVERED,1,16,False,True,SLASHED
challenge-t32-to2-r16-s47,32,2,16,47,16,5,5,5,True,RECOVERED,1,16,False,True,SLASHED
challenge-t32-to2-r16-s48,32,2,16,48,16,5,5,5,True,RECOVERED,1,16,False,True,SLASHED
challenge-t32-to2-r16-s49,32,2,16,49,16,5,5,5,True,RECOVERED,1,16,False,True,SLASHED
challenge-t32-to2-r16-s50,32,2,16,50,16,5,5,5,True,RECOVERED,1,16,False,True,SLASHED
challenge-t32-to2-r16-s51,32,2,16,51,16,5,5,5,True,RECOVERED,1,16,False,True,SLASHED
challenge-t32-to2-r16-s52,32,2,16,52,16,5,5,5,True,RECOVERED,1,16,False,True,SLASHED
challenge-t32-to2-r16-s53,32,2,16,53,16,5,5,5,True,RECOVERED,1,16,False,True,SLASHED
challenge-t32-to2-r16-s54,32,2,16,54,16,5,5,5,True,RECOVERED,1,16,False,True,SLASHED
challenge-t32-to2-r16-s55,32,2,16,55,16,5,5,5,True,RECOVERED,1,16,False,True,SLASHED
challenge-t32-to2-r16-s56,32,2,16,56,16,5,5,5,True,RECOVERED,1,16,False,True,SLASHED
challenge-t32-to2-r16-s57,32,2,16,57,16,5,5,5,True,RECOVERED,1,16,False,True,SLASHED
challenge-t32-to2-r16-s58,32,2,16,58,16,5,5,5,True,RECOVERED,1,16,False,True,SLASHED
challenge-t32-to2-r16-s59,32,2,16,59,16,5,5,5,True,RECOVERED,1,16,False,True,SLASHED
challenge-t32-to2-r16-s60,32,2,16,60,16,5,5,5,True,RECOVERED,1,16,False,True,SLASHED
challenge-t32-to2-r16-s61,32,2,16,61,16,5,5,5,True,RECOVERED,1,16,False,True,SLASHED
challenge-t32-to2-r16-s62,32,2,16,62,16,5,5,5,True,RECOVERED,1,16,False,True,SLASHED
challenge-t32-to2-r16-s63,32,2,16,63,16,5,5,5,True,RECOVERED,1,16,False,True,SLASHED
challenge-t32-to2-r16-s64,32,2,16,64,16,5,5,5,True,RECOVERED,1,16,False,True,SLASHED
challenge-t32-to2-r16-s65,32,2,16,65,16,5,5,5,True,RECOVERED,1,16,False,True,SLASHED
challenge-t32-to2-r16-s66,32,2,16,66,16,5,5,5,True,RECOVERED,1,16,False,True,SLASHED
challenge-t32-to2-r16-s67,32,2,16,67,16,5,5,5,True,RECOVERED,1,16,False,True,SLASHED
challenge-t32-to2-r16-s68,32,2,16,68,16,5,5,5,True,RECOVERED,1,16,False,True,SLASHED
challenge-t32-to2-r16-s69,32,2,16,69,16,5,5,5,True,RECOVERED,1,16,False,True,SLASHED
challenge-t32-to2-r16-s70,32,2,16,70,16,5,5,5,True,RECOVERED,1,16,False,True,SLASHED
challenge-t32-to2-r16-s71,32,2,16,71,16,5,5,5,True,RECOVERED,1,16,False,True,SLASHED
challenge-t32-to2-r16-s72,32,2,16,72,16,5,5,5,True,RECOVERED,1,16,False,True,SLASHED
challenge-t32-to2-r16-s73,32,2,16,73,16,5,5,5,True,RECOVERED,1,16,False,True,SLASHED
challenge-t32-to2-r16-s74,32,2,16,74,16,5,5,5,True,RECOVERED,1,16,False,True,SLASHED
challenge-t32-to2-r16-s75,32,2,16,75,16,5,5,5,True,RECOVERED,1,16,False,True,SLASHED
challenge-t32-to2-r16-s76,32,2,16,76,16,5,5,5,True,RECOVERED,1,16,False,True,SLASHED
challenge-t32-to2-r16-s77,32,2,16,77,16,5,5,5,True,RECOVERED,1,16,False,True,SLASHED
challenge-t32-to2-r16-s78,32,2,16,78,16,5,5,5,True,RECOVERED,1,16,False,True,SLASHED
challenge-t32-to2-r16-s79,32,2,16,79,16,5,5,5,True,RECOVERED,1,16,False,True,SLASHED
challenge-t32-to2-r16-s80,32,2,16,80,16,5,5,5,True,RECOVERED,1,16,False,True,SLASHED
challenge-t32-to2-r16-s81,32,2,16,81,16,5,5,5,True,RECOVERED,1,16,False,True,SLASHED
challenge-t32-to2-r16-s82,32,2,16,82,16,5,5,5,True,RECOVERED,1,16,False,True,SLASHED
challenge-t32-to2-r16-s83,32,2,16,83,16,5,5,5,True,RECOVERED,1,16,False,True,SLASHED
challenge-t32-to2-r16-s84,32,2,16,84,16,5,5,5,True,RECOVERED,1,16,False,True,SLASHED
challenge-t32-to2-r16-s85,32,2,16,85,16,5,5,5,True,RECOVERED,1,16,False,True,SLASHED
challenge-t32-to2-r16-s86,32,2,16,86,16,5,5,5,True,RECOVERED,1,16,False,True,SLASHED
challenge-t32-to2-r16-s87,32,2,16,87,16,5,5,5,True,RECOVERED,1,16,False,True,SLASHED
challenge-t32-to2-r16-s88,32,2,16,88,16,5,5,5,True,RECOVERED,1,16,False,True,SLASHED
challenge-t32-to2-r16-s89,32,2,16,89,16,5,5,5,True,RECOVERED,1,16,False,True,SLASHED
challenge-t32-to2-r16-s90,32,2,16,90,16,5,5,5,True,RECOVERED,1,16,False,True,SLASHED
challenge-t32-to2-r16-s91,32,2,16,91,16,5,5,5,True,RECOVERED,1,16,False,True,SLASHED
challenge-t32-to2-r16-s92,32,2,16,92,16,5,5,5,True,RECOVERED,1,16,False,True,SLASHED
challenge-t32-to2-r16-s93,32,2,16,93,16,5,5,5,True,RECOVERED,1,16,False,True,SLASHED
challenge-t32-to2-r16-s94,32,2,16,94,16,5,5,5,True,RECOVERED,1,16,False,True,SLASHED
challenge-t32-to2-r16-s95,32,2,16,95,16,5,5,5,True,RECOVERED,1,16,False,True,SLASHED
challenge-t32-to2-r16-s96,32,2,16,96,16,5,5,5,True,RECOVERED,1,16,False,True,SLASHED
challenge-t32-to2-r16-s97,32,2,16,97,16,5,5,5,True,RECOVERED,1,16,False,True,SLASHED
challenge-t32-to2-r16-s98,32,2,16,98,16,5,5,5,True,RECOVERED,1,16,False,True,SLASHED
challenge-t32-to2-r16-s99,32,2,16,99,16,5,5,5,True,RECOVERED,1,16,False,True,SLASHED
challenge-t32-to2-r16-s100,32,2,16,100,16,5,5,5,True,RECOVERED,1,16,False,True,SLASHED
challenge-t64-to2-r16-s1,64,2,16,1,32,6,6,6,True,RECOVERED,1,32,False,True,SLASHED
challenge-t64-to2-r16-s2,64,2,16,2,32,6,6,6,True,RECOVERED,1,32,False,True,SLASHED
challenge-t64-to2-r16-s3,64,2,16,3,32,6,6,6,True,RECOVERED,1,32,False,True,SLASHED
challenge-t64-to2-r16-s4,64,2,16,4,32,6,6,6,True,RECOVERED,1,32,False,True,SLASHED
challenge-t64-to2-r16-s5,64,2,16,5,32,6,6,6,True,RECOVERED,1,32,False,True,SLASHED
challenge-t64-to2-r16-s6,64,2,16,6,32,6,6,6,True,RECOVERED,1,32,False,True,SLASHED
challenge-t64-to2-r16-s7,64,2,16,7,32,6,6,6,True,RECOVERED,1,32,False,True,SLASHED
challenge-t64-to2-r16-s8,64,2,16,8,32,6,6,6,True,RECOVERED,1,32,False,True,SLASHED
challenge-t64-to2-r16-s9,64,2,16,9,32,6,6,6,True,RECOVERED,1,32,False,True,SLASHED
challenge-t64-to2-r16-s10,64,2,16,10,32,6,6,6,True,RECOVERED,1,32,False,True,SLASHED
challenge-t64-to2-r16-s11,64,2,16,11,32,6,6,6,True,RECOVERED,1,32,False,True,SLASHED
challenge-t64-to2-r16-s12,64,2,16,12,32,6,6,6,True,RECOVERED,1,32,False,True,SLASHED
challenge-t64-to2-r16-s13,64,2,16,13,32,6,6,6,True,RECOVERED,1,32,False,True,SLASHED
challenge-t64-to2-r16-s14,64,2,16,14,32,6,6,6,True,RECOVERED,1,32,False,True,SLASHED
challenge-t64-to2-r16-s15,64,2,16,15,32,6,6,6,True,RECOVERED,1,32,False,True,SLASHED
challenge-t64-to2-r16-s16,64,2,16,16,32,6,6,6,True,RECOVERED,1,32,False,True,SLASHED
challenge-t64-to2-r16-s17,64,2,16,17,32,6,6,6,True,RECOVERED,1,32,False,True,SLASHED
challenge-t64-to2-r16-s18,64,2,16,18,32,6,6,6,True,RECOVERED,1,32,False,True,SLASHED
challenge-t64-to2-r16-s19,64,2,16,19,32,6,6,6,True,RECOVERED,1,32,False,True,SLASHED
challenge-t64-to2-r16-s20,64,2,16,20,32,6,6,6,True,RECOVERED,1,32,False,True,SLASHED
challenge-t64-to2-r16-s21,64,2,16,21,32,6,6,6,True,RECOVERED,1,32,False,True,SLASHED
challenge-t64-to2-r16-s22,64,2,16,22,32,6,6,6,True,RECOVERED,1,32,False,True,SLASHED
challenge-t64-to2-r16-s23,64,2,16,23,32,6,6,6,True,RECOVERED,1,32,False,True,SLASHED
challenge-t64-to2-r16-s24,64,2,16,24,32,6,6,6,True,RECOVERED,1,32,False,True,SLASHED
challenge-t64-to2-r16-s25,64,2,16,25,32,6,6,6,True,RECOVERED,1,32,False,True,SLASHED
challenge-t64-to2-r16-s26,64,2,16,26,32,6,6,6,True,RECOVERED,1,32,False,True,SLASHED
challenge-t64-to2-r16-s27,64,2,16,27,32,6,6,6,True,RECOVERED,1,32,False,True,SLASHED
challenge-t64-to2-r16-s28,64,2,16,28,32,6,6,6,True,RECOVERED,1,32,False,True,SLASHED
challenge-t64-to2-r16-s29,64,2,16,29,32,6,6,6,True,RECOVERED,1,32,False,True,SLASHED
challenge-t64-to2-r16-s30,64,2,16,30,32,6,6,6,True,RECOVERED,1,32,False,True,SLASHED
challenge-t64-to2-r16-s31,64,2,16,31,32,6,6,6,True,RECOVERED,1,32,False,True,SLASHED
challenge-t64-to2-r16-s32,64,2,16,32,32,6,6,6,True,RECOVERED,1,32,False,True,SLASHED
challenge-t64-to2-r16-s33,64,2,16,33,32,6,6,6,True,RECOVERED,1,32,False,True,SLASHED
challenge-t64-to2-r16-s34,64,2,16,34,32,6,6,6,True,RECOVERED,1,32,False,True,SLASHED
challenge-t64-to2-r16-s35,64,2,16,35,32,6,6,6,True,RECOVERED,1,32,False,True,SLASHED
challenge-t64-to2-r16-s36,64,2,16,36,32,6,6,6,True,RECOVERED,1,32,False,True,SLASHED
challenge-t64-to2-r16-s37,64,2,16,37,32,6,6,6,True,RECOVERED,1,32,False,True,SLASHED
challenge-t64-to2-r16-s38,64,2,16,38,32,6,6,6,True,RECOVERED,1,32,False,True,SLASHED
challenge-t64-to2-r16-s39,64,2,16,39,32,6,6,6,True,RECOVERED,1,32,False,True,SLASHED
challenge-t64-to2-r16-s40,64,2,16,40,32,6,6,6,True,RECOVERED,1,32,False,True,SLASHED
challenge-t64-to2-r16-s41,64,2,16,41,32,6,6,6,True,RECOVERED,1,32,False,True,SLASHED
challenge-t64-to2-r16-s42,64,2,16,42,32,6,6,6,True,RECOVERED,1,32,False,True,SLASHED
challenge-t64-to2-r16-s43,64,2,16,43,32,6,6,6,True,RECOVERED,1,32,False,True,SLASHED
challenge-t64-to2-r16-s44,64,2,16,44,32,6,6,6,True,RECOVERED,1,32,False,True,SLASHED
challenge-t64-to2-r16-s45,64,2,16,45,32,6,6,6,True,RECOVERED,1,32,False,True,SLASHED
challenge-t64-to2-r16-s46,64,2,16,46,32,6,6,6,True,RECOVERED,1,32,False,True,SLASHED
challenge-t64-to2-r16-s47,64,2,16,47,32,6,6,6,True,RECOVERED,1,32,False,True,SLASHED
challenge-t64-to2-r16-s48,64,2,16,48,32,6,6,6,True,RECOVERED,1,32,False,True,SLASHED
challenge-t64-to2-r16-s49,64,2,16,49,32,6,6,6,True,RECOVERED,1,32,False,True,SLASHED
challenge-t64-to2-r16-s50,64,2,16,50,32,6,6,6,True,RECOVERED,1,32,False,True,SLASHED
challenge-t64-to2-r16-s51,64,2,16,51,32,6,6,6,True,RECOVERED,1,32,False,True,SLASHED
challenge-t64-to2-r16-s52,64,2,16,52,32,6,6,6,True,RECOVERED,1,32,False,True,SLASHED
challenge-t64-to2-r16-s53,64,2,16,53,32,6,6,6,True,RECOVERED,1,32,False,True,SLASHED
challenge-t64-to2-r16-s54,64,2,16,54,32,6,6,6,True,RECOVERED,1,32,False,True,SLASHED
challenge-t64-to2-r16-s55,64,2,16,55,32,6,6,6,True,RECOVERED,1,32,False,True,SLASHED
challenge-t64-to2-r16-s56,64,2,16,56,32,6,6,6,True,RECOVERED,1,32,False,True,SLASHED
challenge-t64-to2-r16-s57,64,2,16,57,32,6,6,6,True,RECOVERED,1,32,False,True,SLASHED
challenge-t64-to2-r16-s58,64,2,16,58,32,6,6,6,True,RECOVERED,1,32,False,True,SLASHED
challenge-t64-to2-r16-s59,64,2,16,59,32,6,6,6,True,RECOVERED,1,32,False,True,SLASHED
challenge-t64-to2-r16-s60,64,2,16,60,32,6,6,6,True,RECOVERED,1,32,False,True,SLASHED
challenge-t64-to2-r16-s61,64,2,16,61,32,6,6,6,True,RECOVERED,1,32,False,True,SLASHED
challenge-t64-to2-r16-s62,64,2,16,62,32,6,6,6,True,RECOVERED,1,32,False,True,SLASHED
challenge-t64-to2-r16-s63,64,2,16,63,32,6,6,6,True,RECOVERED,1,32,False,True,SLASHED
challenge-t64-to2-r16-s64,64,2,16,64,32,6,6,6,True,RECOVERED,1,32,False,True,SLASHED
challenge-t64-to2-r16-s65,64,2,16,65,32,6,6,6,True,RECOVERED,1,32,False,True,SLASHED
challenge-t64-to2-r16-s66,64,2,16,66,32,6,6,6,True,RECOVERED,1,32,False,True,SLASHED
challenge-t64-to2-r16-s67,64,2,16,67,32,6,6,6,True,RECOVERED,1,32,False,True,SLASHED
challenge-t64-to2-r16-s68,64,2,16,68,32,6,6,6,True,RECOVERED,1,32,False,True,SLASHED
challenge-t64-to2-r16-s69,64,2,16,69,32,6,6,6,True,RECOVERED,1,32,False,True,SLASHED
challenge-t64-to2-r16-s70,64,2,16,70,32,6,6,6,True,RECOVERED,1,32,False,True,SLASHED
challenge-t64-to2-r16-s71,64,2,16,71,32,6,6,6,True,RECOVERED,1,32,False,True,SLASHED
challenge-t64-to2-r16-s72,64,2,16,72,32,6,6,6,True,RECOVERED,1,32,False,True,SLASHED
challenge-t64-to2-r16-s73,64,2,16,73,32,6,6,6,True,RECOVERED,1,32,False,True,SLASHED
challenge-t64-to2-r16-s74,64,2,16,74,32,6,6,6,True,RECOVERED,1,32,False,True,SLASHED
challenge-t64-to2-r16-s75,64,2,16,75,32,6,6,6,True,RECOVERED,1,32,False,True,SLASHED
challenge-t64-to2-r16-s76,64,2,16,76,32,6,6,6,True,RECOVERED,1,32,False,True,SLASHED
challenge-t64-to2-r16-s77,64,2,16,77,32,6,6,6,True,RECOVERED,1,32,False,True,SLASHED
challenge-t64-to2-r16-s78,64,2,16,78,32,6,6,6,True,RECOVERED,1,32,False,True,SLASHED
challenge-t64-to2-r16-s79,64,2,16,79,32,6,6,6,True,RECOVERED,1,32,False,True,SLASHED
challenge-t64-to2-r16-s80,64,2,16,80,32,6,6,6,True,RECOVERED,1,32,False,True,SLASHED
challenge-t64-to2-r16-s81,64,2,16,81,32,6,6,6,True,RECOVERED,1,32,False,True,SLASHED
challenge-t64-to2-r16-s82,64,2,16,82,32,6,6,6,True,RECOVERED,1,32,False,True,SLASHED
challenge-t64-to2-r16-s83,64,2,16,83,32,6,6,6,True,RECOVERED,1,32,False,True,SLASHED
challenge-t64-to2-r16-s84,64,2,16,84,32,6,6,6,True,RECOVERED,1,32,False,True,SLASHED
challenge-t64-to2-r16-s85,64,2,16,85,32,6,6,6,True,RECOVERED,1,32,False,True,SLASHED
challenge-t64-to2-r16-s86,64,2,16,86,32,6,6,6,True,RECOVERED,1,32,False,True,SLASHED
challenge-t64-to2-r16-s87,64,2,16,87,32,6,6,6,True,RECOVERED,1,32,False,True,SLASHED
challenge-t64-to2-r16-s88,64,2,16,88,32,6,6,6,True,RECOVERED,1,32,False,True,SLASHED
challenge-t64-to2-r16-s89,64,2,16,89,32,6,6,6,True,RECOVERED,1,32,False,True,SLASHED
challenge-t64-to2-r16-s90,64,2,16,90,32,6,6,6,True,RECOVERED,1,32,False,True,SLASHED
challenge-t64-to2-r16-s91,64,2,16,91,32,6,6,6,True,RECOVERED,1,32,False,True,SLASHED
challenge-t64-to2-r16-s92,64,2,16,92,32,6,6,6,True,RECOVERED,1,32,False,True,SLASHED
challenge-t64-to2-r16-s93,64,2,16,93,32,6,6,6,True,RECOVERED,1,32,False,True,SLASHED
challenge-t64-to2-r16-s94,64,2,16,94,32,6,6,6,True,RECOVERED,1,32,False,True,SLASHED
challenge-t64-to2-r16-s95,64,2,16,95,32,6,6,6,True,RECOVERED,1,32,False,True,SLASHED
challenge-t64-to2-r16-s96,64,2,16,96,32,6,6,6,True,RECOVERED,1,32,False,True,SLASHED
challenge-t64-to2-r16-s97,64,2,16,97,32,6,6,6,True,RECOVERED,1,32,False,True,SLASHED
challenge-t64-to2-r16-s98,64,2,16,98,32,6,6,6,True,RECOVERED,1,32,False,True,SLASHED
challenge-t64-to2-r16-s99,64,2,16,99,32,6,6,6,True,RECOVERED,1,32,False,True,SLASHED
challenge-t64-to2-r16-s100,64,2,16,100,32,6,6,6,True,RECOVERED,1,32,False,True,SLASHED
challenge-t128-to2-r16-s1,128,2,16,1,64,7,7,7,True,RECOVERED,1,64,False,True,SLASHED
challenge-t128-to2-r16-s2,128,2,16,2,64,7,7,7,True,RECOVERED,1,64,False,True,SLASHED
challenge-t128-to2-r16-s3,128,2,16,3,64,7,7,7,True,RECOVERED,1,64,False,True,SLASHED
challenge-t128-to2-r16-s4,128,2,16,4,64,7,7,7,True,RECOVERED,1,64,False,True,SLASHED
challenge-t128-to2-r16-s5,128,2,16,5,64,7,7,7,True,RECOVERED,1,64,False,True,SLASHED
challenge-t128-to2-r16-s6,128,2,16,6,64,7,7,7,True,RECOVERED,1,64,False,True,SLASHED
challenge-t128-to2-r16-s7,128,2,16,7,64,7,7,7,True,RECOVERED,1,64,False,True,SLASHED
challenge-t128-to2-r16-s8,128,2,16,8,64,7,7,7,True,RECOVERED,1,64,False,True,SLASHED
challenge-t128-to2-r16-s9,128,2,16,9,64,7,7,7,True,RECOVERED,1,64,False,True,SLASHED
challenge-t128-to2-r16-s10,128,2,16,10,64,7,7,7,True,RECOVERED,1,64,False,True,SLASHED
challenge-t128-to2-r16-s11,128,2,16,11,64,7,7,7,True,RECOVERED,1,64,False,True,SLASHED
challenge-t128-to2-r16-s12,128,2,16,12,64,7,7,7,True,RECOVERED,1,64,False,True,SLASHED
challenge-t128-to2-r16-s13,128,2,16,13,64,7,7,7,True,RECOVERED,1,64,False,True,SLASHED
challenge-t128-to2-r16-s14,128,2,16,14,64,7,7,7,True,RECOVERED,1,64,False,True,SLASHED
challenge-t128-to2-r16-s15,128,2,16,15,64,7,7,7,True,RECOVERED,1,64,False,True,SLASHED
challenge-t128-to2-r16-s16,128,2,16,16,64,7,7,7,True,RECOVERED,1,64,False,True,SLASHED
challenge-t128-to2-r16-s17,128,2,16,17,64,7,7,7,True,RECOVERED,1,64,False,True,SLASHED
challenge-t128-to2-r16-s18,128,2,16,18,64,7,7,7,True,RECOVERED,1,64,False,True,SLASHED
challenge-t128-to2-r16-s19,128,2,16,19,64,7,7,7,True,RECOVERED,1,64,False,True,SLASHED
challenge-t128-to2-r16-s20,128,2,16,20,64,7,7,7,True,RECOVERED,1,64,False,True,SLASHED
challenge-t128-to2-r16-s21,128,2,16,21,64,7,7,7,True,RECOVERED,1,64,False,True,SLASHED
challenge-t128-to2-r16-s22,128,2,16,22,64,7,7,7,True,RECOVERED,1,64,False,True,SLASHED
challenge-t128-to2-r16-s23,128,2,16,23,64,7,7,7,True,RECOVERED,1,64,False,True,SLASHED
challenge-t128-to2-r16-s24,128,2,16,24,64,7,7,7,True,RECOVERED,1,64,False,True,SLASHED
challenge-t128-to2-r16-s25,128,2,16,25,64,7,7,7,True,RECOVERED,1,64,False,True,SLASHED
challenge-t128-to2-r16-s26,128,2,16,26,64,7,7,7,True,RECOVERED,1,64,False,True,SLASHED
challenge-t128-to2-r16-s27,128,2,16,27,64,7,7,7,True,RECOVERED,1,64,False,True,SLASHED
challenge-t128-to2-r16-s28,128,2,16,28,64,7,7,7,True,RECOVERED,1,64,False,True,SLASHED
challenge-t128-to2-r16-s29,128,2,16,29,64,7,7,7,True,RECOVERED,1,64,False,True,SLASHED
challenge-t128-to2-r16-s30,128,2,16,30,64,7,7,7,True,RECOVERED,1,64,False,True,SLASHED
challenge-t128-to2-r16-s31,128,2,16,31,64,7,7,7,True,RECOVERED,1,64,False,True,SLASHED
challenge-t128-to2-r16-s32,128,2,16,32,64,7,7,7,True,RECOVERED,1,64,False,True,SLASHED
challenge-t128-to2-r16-s33,128,2,16,33,64,7,7,7,True,RECOVERED,1,64,False,True,SLASHED
challenge-t128-to2-r16-s34,128,2,16,34,64,7,7,7,True,RECOVERED,1,64,False,True,SLASHED
challenge-t128-to2-r16-s35,128,2,16,35,64,7,7,7,True,RECOVERED,1,64,False,True,SLASHED
challenge-t128-to2-r16-s36,128,2,16,36,64,7,7,7,True,RECOVERED,1,64,False,True,SLASHED
challenge-t128-to2-r16-s37,128,2,16,37,64,7,7,7,True,RECOVERED,1,64,False,True,SLASHED
challenge-t128-to2-r16-s38,128,2,16,38,64,7,7,7,True,RECOVERED,1,64,False,True,SLASHED
challenge-t128-to2-r16-s39,128,2,16,39,64,7,7,7,True,RECOVERED,1,64,False,True,SLASHED
challenge-t128-to2-r16-s40,128,2,16,40,64,7,7,7,True,RECOVERED,1,64,False,True,SLASHED
challenge-t128-to2-r16-s41,128,2,16,41,64,7,7,7,True,RECOVERED,1,64,False,True,SLASHED
challenge-t128-to2-r16-s42,128,2,16,42,64,7,7,7,True,RECOVERED,1,64,False,True,SLASHED
challenge-t128-to2-r16-s43,128,2,16,43,64,7,7,7,True,RECOVERED,1,64,False,True,SLASHED
challenge-t128-to2-r16-s44,128,2,16,44,64,7,7,7,True,RECOVERED,1,64,False,True,SLASHED
challenge-t128-to2-r16-s45,128,2,16,45,64,7,7,7,True,RECOVERED,1,64,False,True,SLASHED
challenge-t128-to2-r16-s46,128,2,16,46,64,7,7,7,True,RECOVERED,1,64,False,True,SLASHED
challenge-t128-to2-r16-s47,128,2,16,47,64,7,7,7,True,RECOVERED,1,64,False,True,SLASHED
challenge-t128-to2-r16-s48,128,2,16,48,64,7,7,7,True,RECOVERED,1,64,False,True,SLASHED
challenge-t128-to2-r16-s49,128,2,16,49,64,7,7,7,True,RECOVERED,1,64,False,True,SLASHED
challenge-t128-to2-r16-s50,128,2,16,50,64,7,7,7,True,RECOVERED,1,64,False,True,SLASHED
challenge-t128-to2-r16-s51,128,2,16,51,64,7,7,7,True,RECOVERED,1,64,False,True,SLASHED
challenge-t128-to2-r16-s52,128,2,16,52,64,7,7,7,True,RECOVERED,1,64,False,True,SLASHED
challenge-t128-to2-r16-s53,128,2,16,53,64,7,7,7,True,RECOVERED,1,64,False,True,SLASHED
challenge-t128-to2-r16-s54,128,2,16,54,64,7,7,7,True,RECOVERED,1,64,False,True,SLASHED
challenge-t128-to2-r16-s55,128,2,16,55,64,7,7,7,True,RECOVERED,1,64,False,True,SLASHED
challenge-t128-to2-r16-s56,128,2,16,56,64,7,7,7,True,RECOVERED,1,64,False,True,SLASHED
challenge-t128-to2-r16-s57,128,2,16,57,64,7,7,7,True,RECOVERED,1,64,False,True,SLASHED
challenge-t128-to2-r16-s58,128,2,16,58,64,7,7,7,True,RECOVERED,1,64,False,True,SLASHED
challenge-t128-to2-r16-s59,128,2,16,59,64,7,7,7,True,RECOVERED,1,64,False,True,SLASHED
challenge-t128-to2-r16-s60,128,2,16,60,64,7,7,7,True,RECOVERED,1,64,False,True,SLASHED
challenge-t128-to2-r16-s61,128,2,16,61,64,7,7,7,True,RECOVERED,1,64,False,True,SLASHED
challenge-t128-to2-r16-s62,128,2,16,62,64,7,7,7,True,RECOVERED,1,64,False,True,SLASHED
challenge-t128-to2-r16-s63,128,2,16,63,64,7,7,7,True,RECOVERED,1,64,False,True,SLASHED
challenge-t128-to2-r16-s64,128,2,16,64,64,7,7,7,True,RECOVERED,1,64,False,True,SLASHED
challenge-t128-to2-r16-s65,128,2,16,65,64,7,7,7,True,RECOVERED,1,64,False,True,SLASHED
challenge-t128-to2-r16-s66,128,2,16,66,64,7,7,7,True,RECOVERED,1,64,False,True,SLASHED
challenge-t128-to2-r16-s67,128,2,16,67,64,7,7,7,True,RECOVERED,1,64,False,True,SLASHED
challenge-t128-to2-r16-s68,128,2,16,68,64,7,7,7,True,RECOVERED,1,64,False,True,SLASHED
challenge-t128-to2-r16-s69,128,2,16,69,64,7,7,7,True,RECOVERED,1,64,False,True,SLASHED
challenge-t128-to2-r16-s70,128,2,16,70,64,7,7,7,True,RECOVERED,1,64,False,True,SLASHED
challenge-t128-to2-r16-s71,128,2,16,71,64,7,7,7,True,RECOVERED,1,64,False,True,SLASHED
challenge-t128-to2-r16-s72,128,2,16,72,64,7,7,7,True,RECOVERED,1,64,False,True,SLASHED
challenge-t128-to2-r16-s73,128,2,16,73,64,7,7,7,True,RECOVERED,1,64,False,True,SLASHED
challenge-t128-to2-r16-s74,128,2,16,74,64,7,7,7,True,RECOVERED,1,64,False,True,SLASHED
challenge-t128-to2-r16-s75,128,2,16,75,64,7,7,7,True,RECOVERED,1,64,False,True,SLASHED
challenge-t128-to2-r16-s76,128,2,16,76,64,7,7,7,True,RECOVERED,1,64,False,True,SLASHED
challenge-t128-to2-r16-s77,128,2,16,77,64,7,7,7,True,RECOVERED,1,64,False,True,SLASHED
challenge-t128-to2-r16-s78,128,2,16,78,64,7,7,7,True,RECOVERED,1,64,False,True,SLASHED
challenge-t128-to2-r16-s79,128,2,16,79,64,7,7,7,True,RECOVERED,1,64,False,True,SLASHED
challenge-t128-to2-r16-s80,128,2,16,80,64,7,7,7,True,RECOVERED,1,64,False,True,SLASHED
challenge-t128-to2-r16-s81,128,2,16,81,64,7,7,7,True,RECOVERED,1,64,False,True,SLASHED
challenge-t128-to2-r16-s82,128,2,16,82,64,7,7,7,True,RECOVERED,1,64,False,True,SLASHED
challenge-t128-to2-r16-s83,128,2,16,83,64,7,7,7,True,RECOVERED,1,64,False,True,SLASHED
challenge-t128-to2-r16-s84,128,2,16,84,64,7,7,7,True,RECOVERED,1,64,False,True,SLASHED
challenge-t128-to2-r16-s85,128,2,16,85,64,7,7,7,True,RECOVERED,1,64,False,True,SLASHED
challenge-t128-to2-r16-s86,128,2,16,86,64,7,7,7,True,RECOVERED,1,64,False,True,SLASHED
challenge-t128-to2-r16-s87,128,2,16,87,64,7,7,7,True,RECOVERED,1,64,False,True,SLASHED
challenge-t128-to2-r16-s88,128,2,16,88,64,7,7,7,True,RECOVERED,1,64,False,True,SLASHED
challenge-t128-to2-r16-s89,128,2,16,89,64,7,7,7,True,RECOVERED,1,64,False,True,SLASHED
challenge-t128-to2-r16-s90,128,2,16,90,64,7,7,7,True,RECOVERED,1,64,False,True,SLASHED
challenge-t128-to2-r16-s91,128,2,16,91,64,7,7,7,True,RECOVERED,1,64,False,True,SLASHED
challenge-t128-to2-r16-s92,128,2,16,92,64,7,7,7,True,RECOVERED,1,64,False,True,SLASHED
challenge-t128-to2-r16-s93,128,2,16,93,64,7,7,7,True,RECOVERED,1,64,False,True,SLASHED
challenge-t128-to2-r16-s94,128,2,16,94,64,7,7,7,True,RECOVERED,1,64,False,True,SLASHED
challenge-t128-to2-r16-s95,128,2,16,95,64,7,7,7,True,RECOVERED,1,64,False,True,SLASHED
challenge-t128-to2-r16-s96,128,2,16,96,64,7,7,7,True,RECOVERED,1,64,False,True,SLASHED
challenge-t128-to2-r16-s97,128,2,16,97,64,7,7,7,True,RECOVERED,1,64,False,True,SLASHED
challenge-t128-to2-r16-s98,128,2,16,98,64,7,7,7,True,RECOVERED,1,64,False,True,SLASHED
challenge-t128-to2-r16-s99,128,2,16,99,64,7,7,7,True,RECOVERED,1,64,False,True,SLASHED
challenge-t128-to2-r16-s100,128,2,16,100,64,7,7,7,True,RECOVERED,1,64,False,True,SLASHED
